{"deck": {"class_counts": [["C", 8], ["E", 7], ["B", 3], ["A", 2], ["F", 1]], "avg_precision": 0.31862745098039214, "avg_recall": 0.3363095238095238, "avg_f1": 0.29703703703703704, "avg_accuracy": 0.42857142857142855, "weighted_precision": 0.3711484593837535, "weighted_recall": 0.42857142857142855, "weighted_f1": 0.33502645502645506, "weighted_accuracy": 0.42857142857142855, "class_precision": [0.4117647058823529, 0.5, 0.0, 0.0, 1.0], "class_recall": [0.875, 0.14285714285714285, 0.0, 0.0, 1.0], "class_f1": [0.56, 0.22222222222222224, 0.0, 0.0, 1.0], "class_accuracy": 0.42857142857142855, "num_classes": 5, "num_applicable_rows": 21, "confusion_matrix": [["C", [["C", 7], ["D", 1]]], ["E", [["C", 6], ["E", 1]]], ["B", [["C", 2], ["E", 1]]], ["A", [["C", 2]]], ["F", [["F", 1]]]], "precision_recall_curves": {"C": {"precision": [0.5333333333333333, 0.5, 0.5384615384615384, 0.5, 0.5454545454545454, 0.6, 0.6666666666666666, 0.75, 0.8571428571428571, 0.8333333333333334, 0.8, 1.0, 1.0, 1.0, 1.0, 1.0], "recall": [1.0, 0.875, 0.875, 0.75, 0.75, 0.75, 0.75, 0.75, 0.75, 0.625, 0.5, 0.5, 0.375, 0.25, 0.125, 0.0], "thresholds": [0.2906358242034912, 0.32765641808509827, 0.3500004708766937, 0.37624600529670715, 0.3766997754573822, 0.39006999135017395, 0.43629127740859985, 0.5141143798828125, 0.5152732133865356, 0.6250735521316528, 0.7145716547966003, 0.7368080615997314, 0.7988183498382568, 0.8030208349227905, 0.8124732971191406]}, "B": {"precision": [0.15789473684210525, 0.1111111111111111, 0.11764705882352941, 0.0625, 0.06666666666666667, 0.07142857142857142, 0.07692307692307693, 0.08333333333333333, 0.09090909090909091, 0.1, 0.1111111111111111, 0.125, 0.14285714285714285, 0.0, 0.0, 0.0, 0.0, 0.0, 0.0, 1.0], "recall": [1.0, 0.6666666666666666, 0.6666666666666666, 0.3333333333333333, 0.3333333333333333, 0.3333333333333333, 0.3333333333333333, 0.3333333333333333, 0.3333333333333333, 0.3333333333333333, 0.3333333333333333, 0.3333333333333333, 0.3333333333333333, 0.0, 0.0, 0.0, 0.0, 0.0, 0.0, 0.0], "thresholds": [0.1379598081111908, 0.14769859611988068, 0.14994847774505615, 0.1535656452178955, 0.16531306505203247, 0.171050027012825, 0.1711301952600479, 0.1865306943655014, 0.19029879570007324, 0.190871924161911, 0.1941898614168167, 0.22271797060966492, 0.22808972001075745, 0.23312349617481232, 0.24339747428894043, 0.24424459040164948, 0.26622411608695984, 0.29126226902008057, 0.2918066084384918]}, "E": {"precision": [0.5833333333333334, 0.5454545454545454, 0.5, 0.4444444444444444, 0.5, 0.5714285714285714, 0.5, 0.4, 0.5, 0.3333333333333333, 0.5, 0.0, 1.0], "recall": [1.0, 0.8571428571428571, 0.7142857142857143, 0.5714285714285714, 0.5714285714285714, 0.5714285714285714, 0.42857142857142855, 0.2857142857142857, 0.2857142857142857, 0.14285714285714285, 0.14285714285714285, 0.0, 0.0], "thresholds": [0.0053769927471876144, 0.06872504949569702, 0.07588434219360352, 0.09073051810264587, 0.10102681815624237, 0.1305815577507019, 0.13780063390731812, 0.15263918042182922, 0.1969434916973114, 0.23682336509227753, 0.2668725550174713, 0.6080176830291748]}, "A": {"precision": [0.25, 0.14285714285714285, 0.16666666666666666, 0.2, 0.25, 0.3333333333333333, 0.5, 1.0, 1.0], "recall": [1.0, 0.5, 0.5, 0.5, 0.5, 0.5, 0.5, 0.5, 0.0], "thresholds": [0.07803358137607574, 0.09634809195995331, 0.11253485828638077, 0.1290586292743683, 0.13838645815849304, 0.13952146470546722, 0.1755262166261673, 0.217716783285141]}, "F": {"precision": [1.0, 1.0], "recall": [1.0, 0.0], "thresholds": [0.3685416281223297]}}}}